Row.names,V1.x,V2.x,V3.x,V4.x,V5.x,V6,V1.y,V2.y,V3.y,V4.y,V5.y,grp,bicolor
1,PI_48770,PI_48770,0,0,0,-9,1e-05,1e-05,1e-05,0.99996,1e-05,4,TRUE
10,PI_534047,PI_534047,0,0,0,-9,1e-05,0.012292,0.077263,0.090857,0.819578,5,FALSE
100,PI_576426,PI_576426,0,0,0,-9,1e-05,0.941748,1e-05,0.058222,1e-05,2,FALSE
101,PI_576428,PI_576428,0,0,0,-9,1e-05,1e-05,0.226718,0.040603,0.732659,5,FALSE
102,PI_576435,PI_576435,0,0,0,-9,0.009039,0.057232,0.20752,1e-05,0.726199,5,FALSE
103,PI_576437,PI_576437,0,0,0,-9,0.314802,1e-05,1e-05,0.089871,0.595307,5,FALSE
104,PI_585295,PI_585295,0,0,0,-9,0.347851,1e-05,0.378119,1e-05,0.27401,3,FALSE
105,PI_595699,PI_595699,0,0,0,-9,1e-05,0.920311,1e-05,1e-05,0.079659,2,FALSE
106,PI_533766,PI_533766,0,0,0,-9,0.99996,1e-05,1e-05,1e-05,1e-05,1,FALSE
107,PI_595702,PI_595702,0,0,0,-9,1e-05,1.8e-05,1e-05,0.999952,1e-05,4,TRUE
108,PI_595714,PI_595714,0,0,0,-9,1e-05,0.084362,1e-05,0.003858,0.91176,5,FALSE
109,PI_595718,PI_595718,0,0,0,-9,0.157338,1e-05,0.129117,1e-05,0.713525,5,FALSE
11,PI_533750,PI_533750,0,0,0,-9,1e-05,0.734188,0.189325,0.076467,1e-05,2,FALSE
110,PI_595720,PI_595720,0,0,0,-9,1e-05,0.943883,0.056086,1.1e-05,1e-05,2,FALSE
111,PI_595739,PI_595739,0,0,0,-9,1e-05,1e-05,1e-05,0.086877,0.913093,5,FALSE
112,PI_595740,PI_595740,0,0,0,-9,1e-05,1e-05,0.069517,0.527478,0.402985,4,TRUE
113,PI_595741,PI_595741,0,0,0,-9,0.597716,1e-05,0.002747,0.399517,1e-05,1,FALSE
114,PI_595743,PI_595743,0,0,0,-9,0.18173,1e-05,0.288889,0.529361,1e-05,4,TRUE
115,PI_595744,PI_595744,0,0,0,-9,0.052226,1e-05,0.053989,0.40675,0.487025,5,FALSE
116,PI_595745,PI_595745,0,0,0,-9,1e-05,1e-05,1e-05,0.098997,0.900973,5,FALSE
117,PI_533769,PI_533769,0,0,0,-9,0.073185,0.034748,0.010277,1e-05,0.88178,5,FALSE
118,PI_597945,PI_597945,0,0,0,-9,0.109351,0.7689,0.119418,1e-05,0.002321,2,FALSE
119,PI_597946,PI_597946,0,0,0,-9,1e-05,0.241341,0.061553,0.222252,0.474843,5,FALSE
12,PI_534053,PI_534053,0,0,0,-9,1e-05,0.096469,0.127358,0.000889,0.775273,5,FALSE
120,PI_597949,PI_597949,0,0,0,-9,0.18671,0.227205,1e-05,0.477138,0.108937,4,TRUE
121,PI_597950,PI_597950,0,0,0,-9,0.026175,0.316855,1e-05,0.418161,0.238799,4,TRUE
122,PI_597951,PI_597951,0,0,0,-9,0.827313,1.9e-05,0.166733,0.005925,1e-05,1,FALSE
123,PI_597952,PI_597952,0,0,0,-9,0.05149,0.029504,0.161874,0.161428,0.595704,5,FALSE
124,PI_597957,PI_597957,0,0,0,-9,0.167751,0.698698,0.133531,1e-05,1e-05,2,FALSE
125,PI_597958,PI_597958,0,0,0,-9,0.110015,1e-05,0.189165,0.534369,0.166441,4,TRUE
126,PI_597960,PI_597960,0,0,0,-9,0.842713,1e-05,1e-05,0.107899,0.049368,1,FALSE
127,PI_533776,PI_533776,0,0,0,-9,0.99996,1e-05,1e-05,1e-05,1e-05,1,FALSE
128,PI_597961,PI_597961,0,0,0,-9,1e-05,1e-05,1e-05,0.095977,0.903993,5,FALSE
129,PI_597964,PI_597964,0,0,0,-9,1e-05,1e-05,0.114203,1e-05,0.885767,5,FALSE
13,PI_534054,PI_534054,0,0,0,-9,0.081928,1e-05,1e-05,0.741058,0.176994,4,TRUE
130,PI_597965,PI_597965,0,0,0,-9,1e-05,1e-05,1e-05,1e-05,0.99996,5,FALSE
131,PI_597966,PI_597966,0,0,0,-9,1e-05,1e-05,1e-05,0.058631,0.941339,5,FALSE
132,PI_597967,PI_597967,0,0,0,-9,1e-05,1e-05,1e-05,1e-05,0.99996,5,FALSE
133,PI_597968,PI_597968,0,0,0,-9,1e-05,0.249975,0.010615,0.081057,0.658344,5,FALSE
134,PI_597971,PI_597971,0,0,0,-9,0.033983,0.096907,1e-05,0.072988,0.796113,5,FALSE
135,PI_597972,PI_597972,0,0,0,-9,0.180374,0.481224,0.050423,1e-05,0.287969,2,FALSE
136,PI_533785,PI_533785,0,0,0,-9,0.99996,1e-05,1e-05,1e-05,1e-05,1,FALSE
137,PI_597973,PI_597973,0,0,0,-9,0.248456,0.487419,0.028542,1e-05,0.235573,2,FALSE
138,PI_597976,PI_597976,0,0,0,-9,0.99996,1e-05,1e-05,1e-05,1e-05,1,FALSE
139,PI_597980,PI_597980,0,0,0,-9,1e-05,1e-05,1e-05,0.023461,0.976509,5,FALSE
14,PI_534063,PI_534063,0,0,0,-9,0.999957,1.3e-05,1e-05,1e-05,1e-05,1,FALSE
140,PI_597982,PI_597982,0,0,0,-9,0.080771,0.016556,1e-05,0.114363,0.7883,5,FALSE
141,PI_598069,PI_598069,0,0,0,-9,0.050642,0.8148,0.053059,0.081489,1e-05,2,FALSE
142,PI_601816,PI_601816,0,0,0,-9,1e-05,1.8e-05,1e-05,1e-05,0.999952,5,FALSE
143,PI_607931,PI_607931,0,0,0,-9,1e-05,1e-05,1e-05,0.443485,0.556485,5,FALSE
144,PI_609456,PI_609456,0,0,0,-9,0.970841,1e-05,0.029129,1e-05,1e-05,1,FALSE
145,PI_613536,PI_613536,0,0,0,-9,0.107125,0.359363,0.05085,1e-05,0.482652,5,FALSE
146,PI_629040,PI_629040,0,0,0,-9,1e-05,1e-05,0.834511,1e-05,0.165459,3,FALSE
147,PI_629059,PI_629059,0,0,0,-9,1e-05,1e-05,1e-05,0.710085,0.289885,4,TRUE
148,PI_641849,PI_641849,0,0,0,-9,1.3e-05,0.303627,0.112187,0.584164,1e-05,4,TRUE
149,PI_641874,PI_641874,0,0,0,-9,1e-05,1.5e-05,0.746449,0.253516,1e-05,3,FALSE
15,PI_534070,PI_534070,0,0,0,-9,0.99996,1e-05,1e-05,1e-05,1e-05,1,FALSE
150,PI_642791,PI_642791,0,0,0,-9,1e-05,1e-05,0.233566,0.266011,0.500404,5,FALSE
151,PI_642793,PI_642793,0,0,0,-9,0.049734,1e-05,0.38959,0.236575,0.324091,3,FALSE
152,PI_533789,PI_533789,0,0,0,-9,0.136742,0.005167,0.068405,0.024711,0.764974,5,FALSE
153,PI_642998,PI_642998,0,0,0,-9,1e-05,0.99996,1e-05,1e-05,1e-05,2,FALSE
154,PI_651496,PI_651496,0,0,0,-9,1e-05,1e-05,1e-05,0.293877,0.706093,5,FALSE
155,PI_655970,PI_655970,0,0,0,-9,1e-05,1e-05,1e-05,0.99996,1e-05,4,TRUE
156,PI_655971,PI_655971,0,0,0,-9,1e-05,1e-05,0.99996,1e-05,1e-05,3,FALSE
157,PI_655972,PI_655972,0,0,0,-9,1e-05,1e-05,1e-05,0.99996,1e-05,4,TRUE
158,PI_655973,PI_655973,0,0,0,-9,1e-05,1e-05,0.526767,1e-05,0.473203,3,FALSE
159,PI_655974,PI_655974,0,0,0,-9,1e-05,1e-05,1e-05,0.99996,1e-05,4,TRUE
16,Check_5,Check_5,0,0,0,-9,1e-05,1e-05,0.732527,0.267443,1e-05,3,FALSE
160,PI_655975,PI_655975,0,0,0,-9,1e-05,1e-05,0.152188,0.847782,1e-05,4,TRUE
161,PI_655976,PI_655976,0,0,0,-9,1e-05,1e-05,0.154643,0.845327,1e-05,4,TRUE
162,PI_655977,PI_655977,0,0,0,-9,1e-05,1e-05,0.17372,1e-05,0.82625,5,FALSE
163,PI_655978,PI_655978,0,0,0,-9,0.355269,1e-05,0.570605,0.074106,1e-05,3,FALSE
164,PI_655979,PI_655979,0,0,0,-9,0.172076,1e-05,0.583378,0.009828,0.234708,3,FALSE
165,PI_655981,PI_655981,0,0,0,-9,0.838404,1.1e-05,0.161565,1e-05,1e-05,1,FALSE
166,PI_533794,PI_533794,0,0,0,-9,1e-05,1e-05,0.038363,1e-05,0.961607,5,FALSE
167,PI_655992,PI_655992,0,0,0,-9,1e-05,1e-05,1e-05,0.99996,1e-05,4,TRUE
168,PI_655993,PI_655993,0,0,0,-9,1e-05,1e-05,0.153759,0.846211,1e-05,4,TRUE
169,PI_533799,PI_533799,0,0,0,-9,1e-05,1e-05,1e-05,1e-05,0.99996,5,FALSE
17,PI_534096,PI_534096,0,0,0,-9,0.999959,1.1e-05,1e-05,1e-05,1e-05,1,FALSE
170,PI_655994,PI_655994,0,0,0,-9,1e-05,0.283934,0.031994,0.515264,0.168798,4,TRUE
171,PI_655995,PI_655995,0,0,0,-9,1e-05,0.99996,1e-05,1e-05,1e-05,2,FALSE
172,PI_655996,PI_655996,0,0,0,-9,0.330749,1e-05,0.65591,1e-05,0.013321,3,FALSE
173,PI_655997,PI_655997,0,0,0,-9,1e-05,1e-05,0.605195,0.095022,0.299763,3,FALSE
174,PI_655998,PI_655998,0,0,0,-9,0.782944,1e-05,0.049334,0.167702,1e-05,1,FALSE
175,PI_655999,PI_655999,0,0,0,-9,1e-05,0.888492,1e-05,0.052367,0.059121,2,FALSE
176,PI_656000,PI_656000,0,0,0,-9,1e-05,1e-05,1e-05,0.410743,0.589227,5,FALSE
177,PI_656001,PI_656001,0,0,0,-9,1e-05,1e-05,0.201211,0.08783,0.71094,5,FALSE
178,PI_656002,PI_656002,0,0,0,-9,1e-05,1e-05,1e-05,0.99996,1e-05,4,TRUE
179,PI_656003,PI_656003,0,0,0,-9,1e-05,1e-05,0.15643,0.84354,1e-05,4,TRUE
18,PI_533752,PI_533752,0,0,0,-9,1e-05,1e-05,1e-05,0.22783,0.77214,5,FALSE
180,PI_533800,PI_533800,0,0,0,-9,1e-05,1e-05,0.195452,1e-05,0.804518,5,FALSE
181,PI_656004,PI_656004,0,0,0,-9,0.488253,1e-05,0.465726,0.046,1e-05,1,FALSE
182,PI_656005,PI_656005,0,0,0,-9,1e-05,1e-05,0.069062,0.799307,0.131611,4,TRUE
183,PI_656006,PI_656006,0,0,0,-9,0.045866,1e-05,0.306748,0.308553,0.338823,5,FALSE
184,PI_656007,PI_656007,0,0,0,-9,1e-05,1e-05,1e-05,0.572104,0.427866,4,TRUE
185,PI_656008,PI_656008,0,0,0,-9,1e-05,1e-05,1e-05,1e-05,0.99996,5,FALSE
186,PI_656009,PI_656009,0,0,0,-9,1e-05,1e-05,1e-05,0.089057,0.910913,5,FALSE
187,PI_656010,PI_656010,0,0,0,-9,0.4623,1e-05,0.53767,1e-05,1e-05,3,FALSE
188,PI_656011,PI_656011,0,0,0,-9,1e-05,1e-05,0.083009,1e-05,0.916961,5,FALSE
189,PI_656012,PI_656012,0,0,0,-9,1e-05,1e-05,0.99996,1e-05,1e-05,3,FALSE
19,PI_534097,PI_534097,0,0,0,-9,1e-05,0.012856,0.144185,0.842939,1e-05,4,TRUE
190,PI_656013,PI_656013,0,0,0,-9,1e-05,0.986106,0.013864,1e-05,1e-05,2,FALSE
191,PI_533807,PI_533807,0,0,0,-9,0.307201,1e-05,1e-05,1e-05,0.692769,5,FALSE
192,PI_656014,PI_656014,0,0,0,-9,1e-05,0.99996,1e-05,1e-05,1e-05,2,FALSE
193,PI_656016,PI_656016,0,0,0,-9,1e-05,0.068367,0.291707,0.339731,0.300185,4,TRUE
194,PI_656017,PI_656017,0,0,0,-9,1e-05,1.6e-05,0.999954,1e-05,1e-05,3,FALSE
195,PI_656018,PI_656018,0,0,0,-9,1.8e-05,1.2e-05,0.24088,0.75908,1e-05,4,TRUE
196,PI_656019,PI_656019,0,0,0,-9,1e-05,1e-05,0.348455,0.651515,1e-05,4,TRUE
197,PI_656020,PI_656020,0,0,0,-9,1e-05,1e-05,0.304628,0.695342,1e-05,4,TRUE
198,PI_656021,PI_656021,0,0,0,-9,1e-05,1e-05,0.99996,1e-05,1e-05,3,FALSE
199,PI_656022,PI_656022,0,0,0,-9,1e-05,1e-05,1e-05,0.99996,1e-05,4,TRUE
2,PI_533991,PI_533991,0,0,0,-9,1e-05,1e-05,1e-05,0.141621,0.858349,5,FALSE
20,PI_534099,PI_534099,0,0,0,-9,1e-05,1e-05,1e-05,1e-05,0.99996,5,FALSE
200,PI_656023,PI_656023,0,0,0,-9,1e-05,1e-05,1e-05,0.99996,1e-05,4,TRUE
201,PI_533810,PI_533810,0,0,0,-9,1e-05,0.958943,0.041027,1e-05,1e-05,2,FALSE
202,PI_656024,PI_656024,0,0,0,-9,1e-05,1e-05,0.029364,1e-05,0.970606,5,FALSE
203,PI_656025,PI_656025,0,0,0,-9,1e-05,0.99996,1e-05,1e-05,1e-05,2,FALSE
204,PI_656026,PI_656026,0,0,0,-9,1e-05,1e-05,1e-05,1e-05,0.99996,5,FALSE
205,PI_656027,PI_656027,0,0,0,-9,1e-05,0.09342,1e-05,0.094186,0.812374,5,FALSE
206,PI_656028,PI_656028,0,0,0,-9,1e-05,1.9e-05,2e-05,0.999941,1e-05,4,TRUE
207,internalID_325,internalID_325,0,0,0,-9,1e-05,1e-05,0.86116,0.13881,1e-05,3,FALSE
208,PI_656029,PI_656029,0,0,0,-9,1e-05,0.823384,1e-05,0.176586,1e-05,2,FALSE
209,PI_656030,PI_656030,0,0,0,-9,1e-05,1e-05,0.999959,1.1e-05,1e-05,3,FALSE
21,PI_534101,PI_534101,0,0,0,-9,0.016105,1e-05,0.109766,0.127326,0.746794,5,FALSE
210,PI_656031,PI_656031,0,0,0,-9,1e-05,1e-05,1e-05,1e-05,0.99996,5,FALSE
211,PI_656032,PI_656032,0,0,0,-9,0.065779,1e-05,0.139789,0.740947,0.053475,4,TRUE
212,Check_1,Check_1,0,0,0,-9,1e-05,1e-05,0.802883,0.197087,1e-05,3,FALSE
213,PI_656034,PI_656034,0,0,0,-9,1e-05,1e-05,1e-05,1e-05,0.99996,5,FALSE
214,PI_656035,PI_656035,0,0,0,-9,0.024184,1e-05,0.033706,0.02254,0.91956,5,FALSE
215,PI_656036,PI_656036,0,0,0,-9,1e-05,1e-05,0.029811,1e-05,0.970159,5,FALSE
216,PI_656037,PI_656037,0,0,0,-9,1e-05,1e-05,0.022592,1e-05,0.977378,5,FALSE
217,PI_656039,PI_656039,0,0,0,-9,1e-05,1e-05,1e-05,1e-05,0.99996,5,FALSE
218,PI_656040,PI_656040,0,0,0,-9,0.487394,1e-05,0.392009,0.120577,1e-05,1,FALSE
219,PI_656041,PI_656041,0,0,0,-9,1.4e-05,1.1e-05,0.999956,1e-05,1e-05,3,FALSE
22,PI_534104,PI_534104,0,0,0,-9,1e-05,1e-05,1e-05,1e-05,0.99996,5,FALSE
220,PI_656042,PI_656042,0,0,0,-9,0.02128,1e-05,0.243098,0.735601,1e-05,4,TRUE
221,PI_533814,PI_533814,0,0,0,-9,1e-05,0.948176,1e-05,0.033369,0.018435,2,FALSE
222,PI_656043,PI_656043,0,0,0,-9,1e-05,1e-05,0.044957,1e-05,0.955013,5,FALSE
223,PI_656044,PI_656044,0,0,0,-9,1e-05,1e-05,1e-05,1e-05,0.99996,5,FALSE
224,PI_656046,PI_656046,0,0,0,-9,1e-05,0.675181,0.032468,0.228303,0.064038,2,FALSE
225,PI_656048,PI_656048,0,0,0,-9,1e-05,1e-05,1e-05,0.237516,0.762454,5,FALSE
226,PI_656049,PI_656049,0,0,0,-9,1e-05,1.8e-05,1e-05,0.999952,1e-05,4,TRUE
227,PI_656050,PI_656050,0,0,0,-9,0.015783,1e-05,0.044469,0.025647,0.914091,5,FALSE
228,PI_656051,PI_656051,0,0,0,-9,0.01645,1e-05,0.146812,1e-05,0.836718,5,FALSE
229,PI_656052,PI_656052,0,0,0,-9,1e-05,1e-05,0.404816,0.414619,0.180544,4,TRUE
23,PI_534105,PI_534105,0,0,0,-9,1e-05,1e-05,1e-05,0.058632,0.941338,5,FALSE
230,PI_533821,PI_533821,0,0,0,-9,0.348935,1e-05,1e-05,0.325589,0.325456,1,FALSE
231,PI_656053,PI_656053,0,0,0,-9,1e-05,1e-05,0.089238,0.376983,0.533759,5,FALSE
232,PI_656055,PI_656055,0,0,0,-9,1e-05,1e-05,0.532237,0.004791,0.462952,3,FALSE
233,PI_656056,PI_656056,0,0,0,-9,1e-05,1.2e-05,0.278575,1e-05,0.721393,5,FALSE
234,PI_656057,PI_656057,0,0,0,-9,1e-05,1e-05,1e-05,1e-05,0.99996,5,FALSE
235,Check_18,Check_18,0,0,0,-9,1e-05,1e-05,0.750648,0.249322,1e-05,3,FALSE
236,PI_656058,PI_656058,0,0,0,-9,1e-05,1e-05,0.019123,0.574451,0.406405,4,TRUE
237,PI_656059,PI_656059,0,0,0,-9,1e-05,1e-05,1e-05,0.110116,0.889854,5,FALSE
238,PI_656060,PI_656060,0,0,0,-9,1e-05,1e-05,1e-05,0.99996,1e-05,4,TRUE
239,PI_656061,PI_656061,0,0,0,-9,1e-05,1e-05,1e-05,0.99996,1e-05,4,TRUE
24,PI_534108,PI_534108,0,0,0,-9,1e-05,1e-05,1e-05,0.13294,0.86703,5,FALSE
240,PI_656062,PI_656062,0,0,0,-9,1e-05,1e-05,0.076363,1e-05,0.923607,5,FALSE
241,Check_19,Check_19,0,0,0,-9,1e-05,1e-05,0.794591,0.205379,1e-05,3,FALSE
242,PI_656068,PI_656068,0,0,0,-9,1e-05,1e-05,0.40551,1e-05,0.59446,5,FALSE
243,PI_656069,PI_656069,0,0,0,-9,1e-05,0.009605,0.070588,0.174837,0.74496,5,FALSE
244,Check_20,Check_20,0,0,0,-9,1e-05,1e-05,0.79549,0.20448,1e-05,3,FALSE
245,PI_533824,PI_533824,0,0,0,-9,0.062543,0.868825,1e-05,1e-05,0.068612,2,FALSE
246,PI_656070,PI_656070,0,0,0,-9,1e-05,1e-05,1e-05,0.039776,0.960194,5,FALSE
247,PI_656071,PI_656071,0,0,0,-9,1e-05,0.03404,0.045436,1e-05,0.920504,5,FALSE
248,PI_656072,PI_656072,0,0,0,-9,1.4e-05,0.999954,1e-05,1.2e-05,1e-05,2,FALSE
249,PI_656074,PI_656074,0,0,0,-9,0.265194,0.128249,0.054198,0.104275,0.448083,5,FALSE
25,PI_534112,PI_534112,0,0,0,-9,1e-05,1e-05,1e-05,1e-05,0.99996,5,FALSE
250,PI_656075,PI_656075,0,0,0,-9,1e-05,1e-05,1e-05,0.05477,0.9452,5,FALSE
251,PI_656076,PI_656076,0,0,0,-9,1e-05,1e-05,0.152073,0.057358,0.790549,5,FALSE
252,PI_656077,PI_656077,0,0,0,-9,0.233098,0.509125,0.257757,1e-05,1e-05,2,FALSE
253,PI_656078,PI_656078,0,0,0,-9,0.99996,1e-05,1e-05,1e-05,1e-05,1,FALSE
254,PI_656079,PI_656079,0,0,0,-9,0.99996,1e-05,1e-05,1e-05,1e-05,1,FALSE
255,PI_533830,PI_533830,0,0,0,-9,1e-05,0.430935,0.042339,0.007982,0.518734,5,FALSE
256,PI_656080,PI_656080,0,0,0,-9,0.185031,1e-05,1e-05,0.60885,0.206099,4,TRUE
257,PI_656082,PI_656082,0,0,0,-9,1e-05,0.888535,0.111435,1e-05,1e-05,2,FALSE
258,PI_656083,PI_656083,0,0,0,-9,1e-05,1e-05,0.036529,0.12738,0.836071,5,FALSE
259,PI_656085,PI_656085,0,0,0,-9,1e-05,1e-05,1e-05,0.072139,0.927831,5,FALSE
26,PI_534114,PI_534114,0,0,0,-9,1e-05,1e-05,1e-05,0.202507,0.797463,5,FALSE
260,PI_656086,PI_656086,0,0,0,-9,0.127788,0.43752,0.025011,1e-05,0.409671,2,FALSE
261,PI_656087,PI_656087,0,0,0,-9,0.031495,1e-05,0.099298,0.175269,0.693928,5,FALSE
262,PI_656088,PI_656088,0,0,0,-9,1e-05,0.900525,0.099436,1.9e-05,1e-05,2,FALSE
263,PI_656089,PI_656089,0,0,0,-9,1e-05,0.879556,0.120414,1e-05,1e-05,2,FALSE
264,PI_656090,PI_656090,0,0,0,-9,0.260713,0.024075,0.146241,1e-05,0.568961,5,FALSE
265,PI_656091,PI_656091,0,0,0,-9,1e-05,0.99996,1e-05,1e-05,1e-05,2,FALSE
266,PI_656092,PI_656092,0,0,0,-9,1e-05,0.888159,1e-05,0.111811,1e-05,2,FALSE
267,PI_656093,PI_656093,0,0,0,-9,0.760055,1e-05,0.056848,0.11284,0.070247,1,FALSE
268,PI_656094,PI_656094,0,0,0,-9,0.99996,1e-05,1e-05,1e-05,1e-05,1,FALSE
269,PI_656095,PI_656095,0,0,0,-9,0.803598,1e-05,0.196372,1e-05,1e-05,1,FALSE
27,PI_534115,PI_534115,0,0,0,-9,1e-05,1e-05,1e-05,1e-05,0.99996,5,FALSE
270,PI_656096,PI_656096,0,0,0,-9,0.99996,1e-05,1e-05,1e-05,1e-05,1,FALSE
271,PI_656097,PI_656097,0,0,0,-9,1e-05,0.981393,1e-05,0.018577,1e-05,2,FALSE
272,Check_21,Check_21,0,0,0,-9,1e-05,1e-05,0.99996,1e-05,1e-05,3,FALSE
273,PI_656099,PI_656099,0,0,0,-9,1e-05,0.999959,1e-05,1.1e-05,1e-05,2,FALSE
274,PI_533833,PI_533833,0,0,0,-9,1e-05,1e-05,1e-05,0.042411,0.957559,5,FALSE
275,PI_656100,PI_656100,0,0,0,-9,1e-05,0.824647,0.175323,1e-05,1e-05,2,FALSE
276,PI_656102,PI_656102,0,0,0,-9,0.377593,1.9e-05,1e-05,0.350415,0.271963,1,FALSE
277,PI_656104,PI_656104,0,0,0,-9,1e-05,0.695815,1e-05,0.304155,1e-05,2,FALSE
278,PI_656105,PI_656105,0,0,0,-9,1e-05,1e-05,1e-05,0.323536,0.676434,5,FALSE
279,PI_656106,PI_656106,0,0,0,-9,1e-05,1e-05,1e-05,0.09669,0.90328,5,FALSE
28,PI_534116,PI_534116,0,0,0,-9,0.22603,0.77394,1e-05,1e-05,1e-05,2,FALSE
280,PI_656107,PI_656107,0,0,0,-9,1e-05,1e-05,0.437656,1e-05,0.562314,5,FALSE
281,PI_656108,PI_656108,0,0,0,-9,1e-05,0.90022,1e-05,0.09975,1e-05,2,FALSE
282,PI_656109,PI_656109,0,0,0,-9,0.397656,1e-05,0.188963,0.066656,0.346715,1,FALSE
283,PI_533838,PI_533838,0,0,0,-9,0.504734,0.027212,0.004525,0.027493,0.436035,1,FALSE
284,PI_656110,PI_656110,0,0,0,-9,0.222793,0.777177,1e-05,1e-05,1e-05,2,FALSE
285,PI_656111,PI_656111,0,0,0,-9,0.219569,1e-05,1e-05,0.458194,0.322217,4,TRUE
286,Check_22,Check_22,0,0,0,-9,1e-05,1e-05,0.951492,0.048478,1e-05,3,FALSE
287,PI_656114,PI_656114,0,0,0,-9,1e-05,0.395602,0.355627,1e-05,0.248751,2,FALSE
288,PI_656115,PI_656115,0,0,0,-9,0.99996,1e-05,1e-05,1e-05,1e-05,1,FALSE
289,PI_656116,PI_656116,0,0,0,-9,0.524166,1e-05,1e-05,0.027613,0.448201,1,FALSE
29,PI_533754,PI_533754,0,0,0,-9,0.155176,0.79549,0.042538,1e-05,0.006786,2,FALSE
290,PI_656117,PI_656117,0,0,0,-9,1e-05,1e-05,0.054637,1e-05,0.945333,5,FALSE
291,PI_656118,PI_656118,0,0,0,-9,0.007028,1e-05,1e-05,1e-05,0.992942,5,FALSE
292,PI_533839_(IS3620C)_-_Elite,PI_533839_(IS3620C)_-_Elite,0,0,0,-9,0.99996,1e-05,1e-05,1e-05,1e-05,1,FALSE
293,PI_656119,PI_656119,0,0,0,-9,0.999959,1.1e-05,1e-05,1e-05,1e-05,1,FALSE
294,PI_656120,PI_656120,0,0,0,-9,1e-05,1e-05,0.083549,0.265601,0.650829,5,FALSE
295,PI_656121,PI_656121,0,0,0,-9,0.411644,0.15439,1e-05,1e-05,0.433946,5,FALSE
296,PI_659691,PI_659691,0,0,0,-9,1.1e-05,1.1e-05,0.237607,1e-05,0.76236,5,FALSE
297,PI_659693,PI_659693,0,0,0,-9,1e-05,1e-05,0.041369,1e-05,0.958601,5,FALSE
298,PI_659694,PI_659694,0,0,0,-9,1e-05,1e-05,0.065793,0.308224,0.625963,5,FALSE
299,PI_659695,PI_659695,0,0,0,-9,1e-05,0.99996,1e-05,1e-05,1e-05,2,FALSE
3,PI_533996,PI_533996,0,0,0,-9,0.105922,0.068603,1e-05,0.107318,0.718147,5,FALSE
30,PI_534117,PI_534117,0,0,0,-9,0.740094,0.028931,1e-05,0.204081,0.026885,1,FALSE
300,PI_659696,PI_659696,0,0,0,-9,1e-05,0.045032,0.023276,0.12058,0.811102,5,FALSE
301,PI_659753,PI_659753,0,0,0,-9,1e-05,0.763088,0.209471,0.027421,1e-05,2,FALSE
302,PI_533839_(SC303)_-_Converted,PI_533839_(SC303)_-_Converted,0,0,0,-9,0.999958,1.2e-05,1e-05,1e-05,1e-05,1,FALSE
303,PI_533841,PI_533841,0,0,0,-9,0.748194,1e-05,0.127588,1e-05,0.124198,1,FALSE
304,PI_533842,PI_533842,0,0,0,-9,1e-05,0.99996,1e-05,1e-05,1e-05,2,FALSE
305,PI_533845,PI_533845,0,0,0,-9,0.311657,0.039491,1e-05,0.529364,0.119477,4,TRUE
306,PI_533852,PI_533852,0,0,0,-9,1e-05,0.994221,1e-05,1e-05,0.005749,2,FALSE
307,Check_2,Check_2,0,0,0,-9,1e-05,1e-05,0.808841,0.191129,1e-05,3,FALSE
308,PI_533855,PI_533855,0,0,0,-9,0.119991,0.126907,1e-05,0.605095,0.147998,4,TRUE
309,PI_533856,PI_533856,0,0,0,-9,1e-05,0.99996,1e-05,1e-05,1e-05,2,FALSE
31,PI_534123,PI_534123,0,0,0,-9,0.058987,0.828522,1e-05,0.062339,0.050142,2,FALSE
310,PI_533863,PI_533863,0,0,0,-9,0.318525,1e-05,0.182223,0.149731,0.349511,5,FALSE
311,PI_533866,PI_533866,0,0,0,-9,0.586449,1e-05,0.413521,1e-05,1e-05,1,FALSE
312,PI_533869,PI_533869,0,0,0,-9,0.356365,1e-05,1e-05,0.497404,0.146211,4,TRUE
313,PI_533876,PI_533876,0,0,0,-9,0.192593,0.150884,0.009464,0.183683,0.463376,5,FALSE
314,PI_533877,PI_533877,0,0,0,-9,0.967852,1e-05,0.032118,1e-05,1e-05,1,FALSE
315,PI_533878,PI_533878,0,0,0,-9,0.999954,1e-05,1.6e-05,1e-05,1e-05,1,FALSE
316,PI_276837,PI_276837,0,0,0,-9,1e-05,1e-05,0.321953,1e-05,0.678017,5,FALSE
317,PI_329435,PI_329435,0,0,0,-9,0.064354,1e-05,0.044692,0.255381,0.635563,5,FALSE
318,PI_533901,PI_533901,0,0,0,-9,0.015854,0.056665,0.098379,0.186499,0.642603,5,FALSE
319,PI_533902,PI_533902,0,0,0,-9,1e-05,0.99996,1e-05,1e-05,1e-05,2,FALSE
32,PI_534124,PI_534124,0,0,0,-9,0.192092,0.807878,1e-05,1e-05,1e-05,2,FALSE
320,PI_533903,PI_533903,0,0,0,-9,0.189141,0.810829,1e-05,1e-05,1e-05,2,FALSE
321,PI_533910,PI_533910,0,0,0,-9,1e-05,1e-05,0.048184,0.165166,0.78663,5,FALSE
322,PI_533911,PI_533911,0,0,0,-9,0.075618,1.5e-05,0.347417,1e-05,0.57694,5,FALSE
323,PI_533912,PI_533912,0,0,0,-9,0.06232,1e-05,1e-05,0.178655,0.759005,5,FALSE
324,PI_533913,PI_533913,0,0,0,-9,0.495449,1e-05,1e-05,0.180062,0.32447,1,FALSE
325,PI_533915,PI_533915,0,0,0,-9,0.17768,0.157048,0.047007,0.31002,0.308246,4,TRUE
326,PI_533919,PI_533919,0,0,0,-9,1e-05,0.99996,1e-05,1e-05,1e-05,2,FALSE
327,PI_329440,PI_329440,0,0,0,-9,1e-05,1e-05,0.295872,0.577399,0.126709,4,TRUE
328,PI_533921,PI_533921,0,0,0,-9,0.036531,0.251031,0.548125,1e-05,0.164303,3,FALSE
329,PI_533924,PI_533924,0,0,0,-9,1e-05,0.9257,1e-05,0.07427,1e-05,2,FALSE
33,PI_534127,PI_534127,0,0,0,-9,1e-05,0.99996,1e-05,1e-05,1e-05,2,FALSE
330,PI_533927,PI_533927,0,0,0,-9,0.316831,0.261587,1e-05,0.329277,0.092295,4,TRUE
331,PI_533936,PI_533936,0,0,0,-9,1e-05,1e-05,0.077146,0.922824,1e-05,4,TRUE
332,Check_4,Check_4,0,0,0,-9,1e-05,1e-05,0.780753,0.219217,1e-05,3,FALSE
333,PI_533937,PI_533937,0,0,0,-9,1e-05,1e-05,1e-05,0.99996,1e-05,4,TRUE
334,PI_533938,PI_533938,0,0,0,-9,0.385994,0.155637,1e-05,0.407206,0.051153,4,TRUE
335,PI_533939,PI_533939,0,0,0,-9,0.20624,0.085935,1e-05,0.15998,0.547835,5,FALSE
336,PI_533940,PI_533940,0,0,0,-9,1.1e-05,0.250752,1e-05,0.749217,1e-05,4,TRUE
337,PI_533943,PI_533943,0,0,0,-9,1e-05,0.646946,1e-05,0.353024,1e-05,2,FALSE
338,PI_34911,PI_34911,0,0,0,-9,1e-05,1e-05,1e-05,1e-05,0.99996,5,FALSE
339,PI_533948,PI_533948,0,0,0,-9,1e-05,1e-05,1e-05,0.99996,1e-05,4,TRUE
34,PI_534128,PI_534128,0,0,0,-9,1e-05,0.99996,1e-05,1e-05,1e-05,2,FALSE
340,PI_533949,PI_533949,0,0,0,-9,1e-05,1e-05,1e-05,0.066544,0.933426,5,FALSE
341,PI_533954,PI_533954,0,0,0,-9,0.197477,1e-05,1e-05,0.802493,1e-05,4,TRUE
342,PI_533955,PI_533955,0,0,0,-9,1e-05,1e-05,1e-05,0.99996,1e-05,4,TRUE
343,PI_533956,PI_533956,0,0,0,-9,0.499787,0.053195,0.118228,0.328779,1e-05,1,FALSE
344,PI_533957,PI_533957,0,0,0,-9,0.530021,0.033041,0.086532,0.238399,0.112006,1,FALSE
345,PI_533961,PI_533961,0,0,0,-9,1e-05,1e-05,1e-05,0.058603,0.941367,5,FALSE
346,PI_533962,PI_533962,0,0,0,-9,1e-05,1e-05,1e-05,1e-05,0.99996,5,FALSE
347,PI_533964,PI_533964,0,0,0,-9,1e-05,1e-05,1e-05,1e-05,0.99996,5,FALSE
348,PI_533965,PI_533965,0,0,0,-9,0.08685,1e-05,0.093037,0.016766,0.803338,5,FALSE
349,PI_533967,PI_533967,0,0,0,-9,1e-05,1e-05,0.014846,1e-05,0.985124,5,FALSE
35,PI_534132,PI_534132,0,0,0,-9,1e-05,0.980671,1e-05,0.019299,1e-05,2,FALSE
350,PI_533970,PI_533970,0,0,0,-9,0.031802,0.009277,0.014232,0.023136,0.921553,5,FALSE
351,PI_533972,PI_533972,0,0,0,-9,1e-05,1e-05,1e-05,1e-05,0.99996,5,FALSE
352,PI_533976,PI_533976,0,0,0,-9,1e-05,1e-05,1e-05,0.114834,0.885136,5,FALSE
353,PI_533979,PI_533979,0,0,0,-9,1e-05,1e-05,0.068759,0.931211,1e-05,4,TRUE
354,PI_533980,PI_533980,0,0,0,-9,1.4e-05,0.022814,0.109246,1e-05,0.867916,5,FALSE
355,PI_533985,PI_533985,0,0,0,-9,1e-05,1e-05,0.039825,1e-05,0.960145,5,FALSE
356,PI_533986,PI_533986,0,0,0,-9,1e-05,1e-05,1e-05,0.097254,0.902716,5,FALSE
357,PI_533987,PI_533987,0,0,0,-9,0.027614,1e-05,0.047675,0.008575,0.916126,5,FALSE
358,PI_533989,PI_533989,0,0,0,-9,1e-05,1e-05,1e-05,1e-05,0.99996,5,FALSE
36,PI_534133,PI_534133,0,0,0,-9,1e-05,0.971198,0.028772,1e-05,1e-05,2,FALSE
37,PI_534135,PI_534135,0,0,0,-9,1e-05,0.99996,1e-05,1e-05,1e-05,2,FALSE
38,PI_534137,PI_534137,0,0,0,-9,0.252721,0.19225,0.180122,0.058566,0.316341,5,FALSE
39,Check_6,Check_6,0,0,0,-9,1e-05,1e-05,0.841902,0.158068,1e-05,3,FALSE
4,PI_533997,PI_533997,0,0,0,-9,0.355053,0.105769,1e-05,0.46691,0.072258,4,TRUE
40,PI_533755,PI_533755,0,0,0,-9,1e-05,1e-05,0.554981,1e-05,0.444989,3,FALSE
41,PI_534138,PI_534138,0,0,0,-9,0.335076,0.010806,1e-05,0.197033,0.457075,5,FALSE
42,PI_534139,PI_534139,0,0,0,-9,0.228935,0.211714,0.239303,0.29943,0.020617,4,TRUE
43,PI_534144,PI_534144,0,0,0,-9,0.622683,1e-05,0.169478,0.006265,0.201564,1,FALSE
44,PI_534145,PI_534145,0,0,0,-9,0.999956,1.4e-05,1e-05,1e-05,1e-05,1,FALSE
45,PI_534148,PI_534148,0,0,0,-9,1e-05,0.999958,1e-05,1.2e-05,1e-05,2,FALSE
46,PI_534155,PI_534155,0,0,0,-9,1e-05,0.99996,1e-05,1e-05,1e-05,2,FALSE
47,PI_534157,PI_534157,0,0,0,-9,1e-05,1e-05,0.28696,1e-05,0.71301,5,FALSE
48,PI_534163,PI_534163,0,0,0,-9,1e-05,1e-05,0.039988,0.268949,0.691043,5,FALSE
49,PI_533757,PI_533757,0,0,0,-9,1e-05,1.3e-05,1e-05,1e-05,0.999957,5,FALSE
5,PI_533998,PI_533998,0,0,0,-9,1e-05,0.122288,1e-05,0.877682,1e-05,4,TRUE
50,PI_542406,PI_542406,0,0,0,-9,0.041224,0.372651,1e-05,0.029618,0.556498,5,FALSE
51,PI_542718,PI_542718,0,0,0,-9,1e-05,0.99996,1e-05,1e-05,1e-05,2,FALSE
52,PI_548797,PI_548797,0,0,0,-9,1e-05,1e-05,0.013793,0.14987,0.836316,5,FALSE
53,PI_552861,PI_552861,0,0,0,-9,1e-05,1e-05,1e-05,0.602952,0.397018,4,TRUE
54,Check_7,Check_7,0,0,0,-9,1e-05,1e-05,0.833315,0.166655,1e-05,3,FALSE
55,PI_561072,PI_561072,0,0,0,-9,1e-05,1e-05,1e-05,0.290123,0.709847,5,FALSE
56,PI_561073,PI_561073,0,0,0,-9,0.007887,1e-05,0.101681,0.491913,0.398509,4,TRUE
57,PI_561472,PI_561472,0,0,0,-9,1e-05,1e-05,0.169092,0.02683,0.804058,5,FALSE
58,PI_533758,PI_533758,0,0,0,-9,1e-05,1e-05,1e-05,0.064346,0.935624,5,FALSE
59,PI_564163,PI_564163,0,0,0,-9,1e-05,1e-05,1e-05,0.546038,0.453932,4,TRUE
6,PI_534009,PI_534009,0,0,0,-9,0.123641,0.74885,0.004783,0.099444,0.023282,2,FALSE
60,PI_564164,PI_564164,0,0,0,-9,1e-05,1e-05,0.723412,1e-05,0.276558,3,FALSE
61,PI_564165,PI_564165,0,0,0,-9,1e-05,1e-05,0.646409,1e-05,0.353561,3,FALSE
62,PI_565121,PI_565121,0,0,0,-9,1e-05,1e-05,1e-05,1e-05,0.99996,5,FALSE
63,PI_574455,PI_574455,0,0,0,-9,1e-05,1e-05,0.075535,0.288057,0.636388,5,FALSE
64,PI_576130,PI_576130,0,0,0,-9,1e-05,1e-05,0.238603,0.011099,0.750278,5,FALSE
65,PI_576332,PI_576332,0,0,0,-9,1e-05,1e-05,0.111171,0.888799,1e-05,4,TRUE
66,PI_576333,PI_576333,0,0,0,-9,1e-05,1e-05,1e-05,0.99996,1e-05,4,TRUE
67,PI_576337,PI_576337,0,0,0,-9,0.314411,0.223714,0.168413,0.293451,1e-05,1,FALSE
68,PI_533759,PI_533759,0,0,0,-9,1e-05,1e-05,1e-05,0.104939,0.895031,5,FALSE
69,PI_576339,PI_576339,0,0,0,-9,1.2e-05,1e-05,1.3e-05,0.999955,1e-05,4,TRUE
7,PI_534021,PI_534021,0,0,0,-9,1e-05,0.99996,1e-05,1e-05,1e-05,2,FALSE
70,PI_576340,PI_576340,0,0,0,-9,1e-05,1e-05,1e-05,0.99996,1e-05,4,TRUE
71,PI_576345,PI_576345,0,0,0,-9,1e-05,1e-05,1e-05,0.847311,0.152659,4,TRUE
72,PI_576347,PI_576347,0,0,0,-9,0.252081,0.386961,0.113957,0.133344,0.113657,2,FALSE
73,PI_576348,PI_576348,0,0,0,-9,0.07537,0.89267,1e-05,0.03194,1e-05,2,FALSE
74,PI_576349,PI_576349,0,0,0,-9,0.085485,0.886671,1e-05,0.021801,0.006033,2,FALSE
75,PI_576350,PI_576350,0,0,0,-9,0.148524,0.656165,1e-05,0.195291,1e-05,2,FALSE
76,PI_576352,PI_576352,0,0,0,-9,1e-05,1e-05,1e-05,0.99996,1e-05,4,TRUE
77,PI_576359,PI_576359,0,0,0,-9,1e-05,0.66265,1e-05,0.231365,0.105965,2,FALSE
78,PI_533760,PI_533760,0,0,0,-9,1e-05,1e-05,1e-05,1e-05,0.99996,5,FALSE
79,PI_576364,PI_576364,0,0,0,-9,1e-05,0.029456,1e-05,0.970514,1e-05,4,TRUE
8,PI_534037,PI_534037,0,0,0,-9,0.763757,1.2e-05,1e-05,0.236211,1e-05,1,FALSE
80,PI_576366,PI_576366,0,0,0,-9,1e-05,0.517078,1e-05,0.198478,0.284424,2,FALSE
81,Check_9,Check_9,0,0,0,-9,1e-05,1e-05,0.831845,0.168125,1e-05,3,FALSE
82,PI_576373,PI_576373,0,0,0,-9,1e-05,0.017349,0.233099,0.495591,0.253951,4,TRUE
83,PI_576375,PI_576375,0,0,0,-9,0.162828,0.735599,0.101553,1e-05,1e-05,2,FALSE
84,PI_576376,PI_576376,0,0,0,-9,1.4e-05,0.693655,0.280776,0.025545,1e-05,2,FALSE
85,PI_576380,PI_576380,0,0,0,-9,1e-05,1e-05,0.193123,1e-05,0.806847,5,FALSE
86,PI_576381,PI_576381,0,0,0,-9,1.5e-05,0.875567,0.124398,1e-05,1e-05,2,FALSE
87,PI_576385,PI_576385,0,0,0,-9,0.640313,1e-05,1e-05,0.359657,1e-05,1,FALSE
88,PI_576386,PI_576386,0,0,0,-9,0.023608,1e-05,1e-05,0.066373,0.909999,5,FALSE
89,PI_533761,PI_533761,0,0,0,-9,0.05312,0.01124,1e-05,0.04524,0.890389,5,FALSE
9,PI_534046,PI_534046,0,0,0,-9,0.271366,1e-05,1e-05,0.157481,0.571133,5,FALSE
90,PI_576387,PI_576387,0,0,0,-9,1e-05,1e-05,1e-05,0.088569,0.911401,5,FALSE
91,PI_576390,PI_576390,0,0,0,-9,1e-05,0.61553,0.137947,0.242153,0.00436,2,FALSE
92,PI_576393,PI_576393,0,0,0,-9,0.217388,0.041983,1e-05,0.114193,0.626426,5,FALSE
93,PI_576394,PI_576394,0,0,0,-9,1e-05,1e-05,0.156428,0.843542,1e-05,4,TRUE
94,PI_576396,PI_576396,0,0,0,-9,1e-05,1e-05,1e-05,0.045858,0.954112,5,FALSE
95,PI_576399,PI_576399,0,0,0,-9,0.502575,1.7e-05,1e-05,0.127681,0.369717,1,FALSE
96,PI_576401,PI_576401,0,0,0,-9,1e-05,0.857213,0.142756,1.1e-05,1e-05,2,FALSE
97,PI_576418,PI_576418,0,0,0,-9,0.99996,1e-05,1e-05,1e-05,1e-05,1,FALSE
98,PI_576422,PI_576422,0,0,0,-9,1e-05,1.8e-05,1e-05,0.999952,1e-05,4,TRUE
99,PI_576425,PI_576425,0,0,0,-9,1e-05,0.974598,0.025372,1e-05,1e-05,2,FALSE
